{
    "epoch": 2.0,
    "eval_loss": 1.7760884761810303,
    "eval_rouge1": 30.22,
    "eval_rouge2": 19.78,
    "eval_rougeL": 28.67,
    "eval_rougeLsum": 28.66,
    "eval_runtime": 192.2624,
    "eval_samples_per_second": 1.295,
    "eval_steps_per_second": 1.295,
    "test_loss": 1.7346304655075073,
    "test_rouge1": 32.08,
    "test_rouge2": 21.39,
    "test_rougeL": 30.73,
    "test_rougeLsum": 30.59,
    "test_runtime": 392.3047,
    "test_samples_per_second": 1.262,
    "test_steps_per_second": 1.262,
    "total_flos": 7285784520425472.0,
    "train_loss": 2.0726042652582106,
    "train_runtime": 1446.971,
    "train_samples_per_second": 2.323,
    "train_steps_per_second": 0.292
}