epoch,eval_loss,rouge1,rouge2,rougeL,rougeLsum
1,1.823408603668213,29.51,18.89,27.75,27.73
2,1.7760884761810303,30.22,19.78,28.67,28.66
