,positive,neutral,negative
positive,0.888889,0.111111,0.000000
neutral,0.173913,0.717391,0.108696
negative,0.000000,0.333333,0.666667
