epoch,eval_loss,eval_accuracy,eval_f1_macro
1,0.167216956615448,0.20634920634920634,0.2351190476190476
2,0.12375345081090927,0.4603174603174603,0.4553885192183065
3,0.14510305225849152,0.6666666666666666,0.5990338164251208
4,0.18643894791603088,0.7777777777777778,0.6207739495410728
5,0.17546670138835907,0.7619047619047619,0.6105820105820107
6,0.1731852889060974,0.7619047619047619,0.6079124579124578
7,0.15706941485404968,0.7777777777777778,0.666239863422962
8,0.17187876999378204,0.7777777777777778,0.6234141117862048
