,positive,negative
positive,0.000000,1.000000
negative,0.000000,1.000000
