,positive,negative
positive,0.600000,0.400000
negative,0.300000,0.700000
