class,precision,recall,f1,support
dovish,0.685714,0.699029,0.692308,206
neutral,0.743772,0.760000,0.751799,275
hawkish,0.644172,0.606936,0.625000,173
