{
  "val_best_f1": 0.823601078833368,
  "test_acc": 0.7003058103975535,
  "test_macro_f1": 0.689702084485754
}