epoch,eval_loss,rouge1,rouge2,rougeL,rougeLsum
1,1.5778446197509766,45.27,21.94,31.38,31.4
3,1.5507094860076904,46.19,22.64,32.17,32.17
