,Hawkish,Neutral,Dovish
Hawkish,0.671875,0.140625,0.187500
Neutral,0.129310,0.681034,0.189655
Dovish,0.073529,0.058824,0.867647
